Seq,Label,Fold
AAKKWAKAKWAKAKKWAKAA,1,0
AAVPIVNLKDELLFPSWEALFSGSE,1,1
AAWKWAWAKKWAKAKKWAKAA,1,2
AIGSILGALAKGLPTLISWIKNR,1,3
AKRHHGYKRKFH,1,4
ALSKALSKALSKALSKALSKALSK,1,5
ALWKDILKNVGKAAGKAVLNTVTDMVNQ,1,6
ALWKTMLKKLGTMALHAGKAALGAAADTISQGTQ,1,7
AWKKWAKAWKWAKAKWWAKAA,1,8
FAFAKIIAKIAKKII,1,9
FAFGKGIGKIGKKGL,1,0
FAKAIAKIAFGKGIGKVGKKLL,1,1
FAKALAKLAKKLL,1,2
FAKFLAKFLKKAL,1,3
FAKIIAKIAKIAKKIL,1,4
FAKKFAKKFKKFAKKFAKFAFAF,1,5
FAKKLAKKAKLAKKL,1,6
FAKKLAKKLKKLAKKLAKKWKL,1,7
FAKKLAKKLKKLAKKLAKLALALKALALKAL,1,8
FAKKLAKKLKKLAKKLIGAVLKV,1,9
FAKKLAKLAKKALAL,1,0
FAKKLAKLAKKLAKAL,1,1
FAKKLAKLAKKLAKLALAL,1,2
FAKKLAKLAKKLLAL,1,3
FAKKLAKLALKLAKL,1,4
FAKKLLAKALKL,1,5
FAKLAKKALAKLL,1,6
FAKLFAKLAKKFAL,1,7
FAKLLAKAFKKAL,1,8
FAKLLAKALKKAL,1,9
FAKLLAKALKKFAL,1,0
FAKLLAKALKLKL,1,1
FAKLLAKFLKKAL,1,2
FAKLLAKLAKAKA,1,3
FAKLLAKLAKKAL,1,4
FAKLLAKLAKKFAL,1,5
FAKLLFKALKKAL,1,6
FAKLLKLAAKKLL,1,7
FAKLWAKLAFGKGIGKVGKKLL,1,8
FAKLWAKLAKKL,1,9
FALAAKALKKLAKKLKKLAKKAL,1,0
FALAKALKKAL,1,1
FALAKKALKKAKKAL,1,2
FALAKLAKKAKAKLKKALKAL,1,3
FALALKALKKALKKLKKALKKAL,1,4
FALALKALKKLLKKLKKLAKKAL,1,5
FALALKLAKKAL,1,6
FALKALKKLKKALKKAL,1,7
FALLKALKKAL,1,8
FALLKALLKKAL,1,9
FKLAFKLAKKAFL,1,0
FKRLAKIKVLRLAKIKR,1,1
FLGALFHALSKLL,1,2
FLGALFKALSHLL,1,3
FLGALFKALSKLL,1,4
FLGMIPGLIGGLISAFK,1,5
FLGMIPKLIKKLIKAFK,1,6
FLGWLFKWAKK,1,7
FLGWLFKWAWK,1,8
FLKLLKKLAAKFLPTIICKISYKC,1,9
FLKLLKKLAAKLF,1,0
FLPLIGRVLSGIL,1,1
FLSLIPKLVKKIIKAFK,1,2
FLSLIPSLVGGSISAFK,1,3
FLWWLFKWAWK,1,4
GFFALIPKIISSPLFKTLLSAVGSALSSSGGQE,1,5
GFKMALKLLKKVL,1,6
GIGKFLHAAKKFAKAFVAEIMNS,1,7
GIGKFLHSAKKWGKAFVGQIMNC,1,8
GIGKFLKKAKKFAKAFVKIINN,1,9
GKFMSLLKHILK,1,0
GKWKKILGHLIR,1,1
GKWKKILGKLIR,1,2
GKWKSLLKHILK,1,3
GKWLSLLKHILK,1,4
GKWMKLLKHILK,1,5
GKWMSFLKHILK,1,6
GKWMSLLKHWLK,1,7
GKWMSLLKKILK,1,8
GKWMSLWKHILK,1,9
GKWMTLLKHILK,1,0
GKWSKILGKLIR,1,1
GLFAVIKKVAAVIKKL,1,2
GLFAVIKKVAAVIRRL,1,3
GLFAVIKKVASVIKGL,1,4
GLFDVIAKVASVIKKL,1,5
GLFDVIKAVASVIGGL,1,6
GLFDVIKKVAAVIGGL,1,7
GLFDVIKKVASVIKKL,1,8
GLFGKLIKKFARKAISYAVKKARGKH,1,9
GLFSVLGAVAKHVLPHVVPVIAEK,1,0
GMWSKILKHLIR,1,1
GMWSKLLGHLLR,1,2
GQVWEATATVNAIRGSVTPAVSQFNARTAD,1,3
GRRKRKWLRRIGKGVKIIGGAALDHL,1,4
GSEGPLKPGARIFSFDGKDVLRHPT,1,5
GVGSPYVSRLLGICL,1,6
GWRTLLKKAEVKTVGKLALKHYL,1,7
HHPHGHHPHGHHPHGHHPHG,1,8
HPTWPQKSVWHGSDPNGRRLTESY,1,9
HSHRDFQPVLHLVALNSPLSGGMRG,1,0
ILPWKWPWWPWRR,1,1
ILRWPWWPWRRK,1,2
KAAKKAAKAAKKAAKAAKKAA,1,3
KIAKVALAKLGIGAVLKVLTTGL,1,4
KILRGVAKKILRTFLRRISKDILTGKK,1,5
KILRGVAKKIMRTFLRRISKKILTGKK,1,6
KISKRILTGKK,1,7
KKKFPWWWPFKKKCKKKFPWWWPFKKKC,1,8
KLAKKLAKLAKLAKAL,1,9
KNWKKILGKIIKVVK,1,0
KNWKKILKKIIKVVK,1,1
KTKLFKKFAKKLAKKLKKLAKKL,1,2
KWFKKIPKFLHLLKKF,1,3
KWKFKKIPKFLHLAKKF,1,4
KWKKFLKIGIGKFLHLAKKF,1,5
KWKKLLKKPPPLLKKLLKKL,1,6
KWKLAKKALALL,1,7
KWKLFAKIGIGKFLHLAKKF,1,8
KWKLFKKALKKLKKALKKAL,1,9
KWKLFKKIGIGAFLHLAKKF,1,0
KWKLFKKIGIGAVLKVLKKG,1,1
KWKLFKKIGIGKFKLAKKF,1,2
KWKLFKKIGIGKFLHSAKKF,1,3
KWKLFKKIPHLAKKF,1,4
KWKLFKKIPLAKKF,1,5
KWKLFKKIPLKKF,1,6
KWKLFKKKTKLFKKFAKKLAKKL,1,7
KWKSFAKTFKSAKKTVAHTALKAISS,1,8
KWKSFLKTFKSAKKTVAHTAAKAISS,1,9
KYKKALKKLAKLL,1,0
LGGIVSAVKKIVDFLG,1,1
LLGDFKRIVQRIKDF,1,2
LPKWKVFKKIEKVGRNIRNGIVKAGPAIAVLGEAKALG,1,3
MNFNKLFVFVALVLAVCIGQSEAGWLKKIGKKIERVGQHTRDATIQTIGVAQ,1,4
MNFQQRLQSLWTLARPFCPPLLATASQMQMVVLPCLGFTLLLWSQVSGAQGQEFHFGPCQVKGVVPQ,1,5
MPKEKVFLKIEKMGRNIRN,1,6
MPRWRLFRRIDRVGKQIKQGILRAGPAIALVGDARAVG,1,7
MRKWFHNVLSSGQLLADKWPAWDYNRK,1,8
MWKEFHNVLSSGQLLADKRWARWYNRW,1,9
MWKWFHNVLSSGQLLADKWWAWWYNWW,1,0
MWKWFHNVLSSWQLLADKRPARDYNRK,1,1
NKWKKILGKIIKVVK,1,2
NYHNRTVEVRTLKSFSTLANNFVLIVSQLQPSQENEMFSIRGDSAHRRFLLFRRAFKQLDVEAAL,1,3
PDEDAINDALNKVCSTGRRQRSICKQLLKK,1,4
PEWFKCRRWQWRMKKLGA,1,5
RGDLLRHVVKILEKYL,1,6
RKAFRWAWRMLKKAAPSITCVR,1,7
RWGKWFKKATHVGKHVGKAALTAYL,1,8
SWLSKTAKKLENSAKKRISEGIAIAIQGGPR,1,9
AAEFPDFYDSEEQMGPHQEAEDEKDRADQRVLTEEEKKELENLAAMDLELQKIAEKFSQR,0,0
AAKPMGITCDLLSLWKVGHAACAAHCLVLGDVGGYCTKEGLCVCKE,0,1
ACNFQSCWATCQAQHSIYFRRAFCDRSQCKCVFVRG,0,2
ACYCRIGACVSGERLTGACGLNGRIYRLCCR,0,3
AEVAPAPAAAAPAKAPKKKAAAKPKKAGPS,0,4
AFPPPNVPGPRFPPPNFPGPRFPPPNFPGPRFPPPNFPGPRFPPPNFPGPPFPPPIFPGPWFPPPPPFRPPPFGPPRFP,0,5
AGANDLCQECEDIVHLLTKMTKEDAFQDTIRKFLEQECDILPLKLLVPRCRQVLDVYLPLVIDYFQGQIKPKAICSHVGLC,0,6
AGDPLADPNSQIVRQIMSNAAWGPPLVPERFRGMAVGAAGGVTQTVLQGAAAHMPVNVPIPKVPMGPSWNGSKG,0,7
ALPKKLKYLNLFNDGFNYMGVV,0,8
ALSILKGLEKLAKMGIALTNCKATKKC,0,9
ALWKDILKNAGKAALNEINQLVNQ,0,0
ANTAFVSSAHNTQKIPAGAPFNRNLRAMLADLRQNAAFAG,0,1
APPGARPPPGPPPPGPPPPGP,0,2
AQRCGDQARGAKCPNCLCCGKYGFCGSGDAYCGAGSCQSQCRGCR,0,3
ATAVDFGPHGLLPIRPIRIRPLCGKDKS,0,4
ATCDLFSFRSKWVTPNHAACAAHCLLRGNRGGRCKGTICHCRK,0,5
ATCDLLSGIGVQHSACALHCVFRGNRGGYCTGKGICVCRN,0,6
ATCDLLSGTGINHSACAAHCLLRGNRGGYCNGKAVCVCRN,0,7
ATCDLLSMWNVNHSACAAHCLLLGKSGGRCNDDAVCVCRK,0,8
ATCYCRTGRCATRESLSGVCEISGRLYRLCCR,0,9
ATPATPTVAQFVIQGSTICLVC,0,0
ATRVVYCNRRSGSVVGGDDTVYYEG,0,1
AVDFSSCARMDVPGLSKVAQGLCISSCKFQNCGTGHCEKRGGRPTCVCDRCGRGGGEWPSVPMPKGRSSRGRRHS,0,2
AVTCNTVVSSLAPCVPFFAGSAAQPTAACCNGVRSLNSAARTTPDRRTACNCIKSSASSIGLNYNKAAKLPSRCTVNVTVPISPSVNCAT,0,3
CAWYNISCRLGNKGAYCTLTVECMPSCN,0,4
CLAGRLDKQCTCRRSQPSRRSGHEVGRPSPHCGPSRQCGCHMD,0,5
CSCRTSSCRFGERLSGACRLNGRIYRLCC,0,6
DAPGHPGKHYLQVNVPSDVRTIGVAGGGVQQCFRVTPGAWNDTRALVSNGAQVEVWGYTVADCANRTTANQKYYDKAAAPSDSSTYFWFTLKNLRV,0,7
DDMTMKPTPPPQYPLNLQGGGGGGSGDGFGFAVQGHQKVWTSDNGRHEIGLNGGYGQHLGGPYGNSEPSWKVGSTYTYRFPNF,0,8
DFKDWMKTAGEWLKKKGPGILKAAMAAAT,0,9
DHHHDHGHDDHEHEELTLEKIKEKIKDYADKTPVDQLTERVQAGRDYLLGKGARPSHLPARVDRHLSKLTAAEKQELADYLLTFLH,0,0
DIQIPGIKKPTHRDIIIPNWNPNVRTQPWQRFGGNKS,0,1
DLRFLYPRGKLPVPTLPPFNPKPIYIDMGNRY,0,2
DLRFWNPREKLPLPTLPPFNPKPIYIDMGNRY,0,3
DSHEKRHHGYRRKFHEKHHSHREFPFYGDYGSNYLYDN,0,4
DVQCGEGHFCHDQTCCRASQGGACCPYSQGVCCADQRHCCPVGF,0,5
EADEPLWLYKGDNIERAPTTADHPILPSIIDDVKLDPNRRYA,0,6
EIRLPEPFRFPSPTVPKPIDIDPILPHPWSPRQTYPIIARRS,0,7
EKKCPGRCTLKCGKHERPTLPYNCGKYICCVPVKVK,0,8
ELPKLPDDKVLIRSRSNCPKGKVWNGFDCKSPFAFS,0,9
ENDHRMPNNLNRPNNLSKGGAKCGAAIAGGLFGIPKGPLAWAAGLANVYSKCN,0,0
ENFFKEIERAGQRIRDAIISAAPAVETLAQAQKIIKGGD,0,1
ERGSRGQRCGPGEVFNQCGSACPRVCGRPPAQACTLQCVSGCFCRRGYIRTQRGGCIPERQCHQR,0,2
ETESTPDYLKNIQQQLEEYTKNFNTQVQNAFDSDKIKSEVNNFIESLGKILNTEKKEAPK,0,3
FAEPLPSEEEGESYSKEPPEMEKRYGGFM,0,4
FFRHLFRGAKAIFRGARQGWRAHKVVSRYRNRDVPETDNNQEEP,0,5
FFSASCVPGADKGQFPNLCRLCAGTGENKCA,0,6
FGLPMLSILPKALCILLKRKC,0,7
FSFKRLKGFAKKLWNSKLARKIRTKGLKYVKNFAKDMLSEGEEAPPAAEPPVEAPQ,0,8
FSKYERQKDKRPYSERKNQYTGPQFLYPPERIPPQKVIKWNEEGLPIYEIPGEGGHAEPAAA,0,9
GEILCNLCTGLINTLENLLTTKGADKVKDYISSLCNKASGFIATLCTKVLDFGIDKLIQLIEDKVDANAICAKIHAC,0,0
GFGCPLDQMQCHRHCQTITGRSGGYCSGPLKLTCTCYR,0,1
GFKLKGMARISCLPNGQWSNFPPKCIRECAMVSS,0,2
GGLKKLGKKLEGVGKRVFKASEKALPVAVGIKALGK,0,3
GGLKKLGKKLEGVGKRVFKASEKALPVLTGYKAIG,0,4
GILDSFKQFAKGVGKDLIKGAAQGVLSTMSCKLAKTC,0,5
GILDSLKNLAKNAGQILLNKASCKLSGQC,0,6
GILDTLKNLAISAAKGAAQGLVNKASCKLSGQC,0,7
GILDTLKQFAKGVGKDLVKGAAQGVLSTVSCKLAKTC,0,8
GKQYFPKVGGRLSGKAPLAAKTHRRLKP,0,9
GKWGWIYITILFADVGGFKSSRHPEERRVQERRFKRITRGPD,0,0
GLFRRLRDSIRRGQQKILEKARRIGERIKDIFRG,0,1
GLFSILRGAAKFASKGLGKDLTKLGVDLVACKISKQC,0,2
GLFTLIKCAYQLIAPTVACN,0,3
GLGSVFGRLARILGRVIPKVAKKLGPKVAKVLPKVMKEAIPMAVEMAKSQEEQQPQ,0,4
GLLCYCRKGHCKRGERVRGTCGIRFLYCCPRR,0,5
GLLDSIKGMAISAGKGALQNLLKVASCKLDKTC,0,6
GLLDSLKNLAINAAKGAGQSVLNTLSCKLSKTC,0,7
GLLNGLALRLGKRALKKIIKRLCR,0,8
GLLRASSVWGRKYYVDLAGCAKA,0,9
GLLSGVLGVGKKVDCGLSGLC,0,0
GLLSRLRDFLSDRGRRLGEKIERIGQKIKDLSEFFQS,0,1
GLMSVLGHAVGNVLGGLFKS,0,2
GLRSKIWLWVLLMIWQESNKFKKM,0,3
GLVSSIGKALGGLLADVVKTKEQPA,0,4
GLVSSIGRALGGLLADVVKSKEQPA,0,5
GPDSCNHDRGLCRVGNCNPGEYLAKYCFEPVILCCKPLSPTPTKT,0,6
GRPNPVNNKPTPHPRL,0,7
GRPNPVNTKPTPYPRL,0,8
GRRRRSVQWCAVSQPEATKCFQWQRNMRKVRGPPVSCIKRDSPIQCIQA,0,9
GSCSCSGTISPYGLRTCRATKTKPSHPTTKETHPQTLPT,0,0
GSKKPVPIIYCNRRTGKCQRM,0,1
GSNFCDSKCKLRCSKAGLADRCLKYCGICCEECKCVPSGTYGNKHECPCYRDKKNSKGKSKCP,0,2
GSQLVYREWVGHSNVIKGPP,0,3
GSVLNCGETCLLGTCYTTGCTCNKYRVCTKD,0,4
GTCKAECPTWEGICINKAPCVKCCKAQPEKFTDGHCSKILRRCLCTKPC,0,5
GTPGFQTPDARVISRFGFN,0,6
GTWDDIGQGIGRVAYWVGKALGNLSDVNQASRINRKKKH,0,7
GVFLDALKKFAKGGMNAVLNPK,0,8
GVFSFLKTGAKLLGSTLLKMAGKAGAEHLACKATNQC,0,9
GVIKSVLKGVAKTVALGML,0,0
GVITDALKGAAKTVAAELLRKAHCKLTNSC,0,1
GVLDILKGAGKDLLAHALSKISEKV,0,2
GVLDILTGAGKDLLAHALSKLSEKV,0,3
GVVDILKGAGKDLLAHLVGKISEKV,0,4
GWANTLKNVAGGLCKITGAA,0,5
HHQELCTKGDDALVTELECIRLRISPETNAAFDNAVQQLNCLNRACAYRKMCATNNLEQAMSVYFTNEQIKEIHDAATACDPEAHHEHDH,0,6
HNKQEGRDHDKSKGHFHRVVIHHKGGKAH,0,7
HRHQGPIFDTRPSPFNPNQPRPGPIY,0,8
HVDKKVADKVLLLKQLRIMRLLTRL,0,9
IFGAILPLALGALKNLIK,0,0
IIEKLVNTALGLLSGL,0,1
IIGLVSKGTCVLVKTVCKKVLKQG,0,2
IKITTMLAKLGKVLAHV,0,3
ILENLLARSTNEDREGSIFDTGPIRRPKPRPRPRPEG,0,4
ITCQQVTSELGPCVPYLTGQGIP,0,5
IYWIADQFGIHLATGTARKLLDAMASGASLGTAFAAILGVTLPAWALAAAGALGATAA,0,6
KCKWWNISCDLGNNGHVCTLSHECQVSCN,0,7
KLWEAFWAVKDTMQAQDNITSARLLQQEVLQNVSDAESCYLVHTLLEFYLKTVFKNYHNRTVE,0,8
KQEGRDHDKSKGHFHMIVIHHKGGQAHHG,0,9
KQQLATEAESAGPIL,0,0
KRFGRLAKSFLRMRILLPRRKILLAS,0,1
KRFHSVGSLIQRHQQMIRDKSEATRHGIRIITRPKLLLAS,0,2
KRRGSVTTRYQFLMIHLLRPKKLFA,0,3
KRRHWFPLSFQEFLEQLRRFRDQLPFP,0,4
KSCCRSTQARNIYNAPRFAGGSRPLCALGSGCKIVDDKKTPPND,0,5
LCLDQKPEMEPFRKDAQQALEPSRQRRWLHRRCLSGRGFCRAICSIFEEPVRGNIDCYFGYNCCRRMFSHYRTS,0,6
LIDHLGAPRWAVDTILGAIAVGNLASWVLALVPGPGWAVKAGLATAAAIVKHQGKAAAAAW,0,7
LLGRCKVKSNRFHGPCLTDTHCSTVCRGEGYKGGDCHGLRRRCMCLC,0,8
LPVNEAQCRQVGGYCGLRICNFPSRFLGLCTRNHPCCSRVWV,0,9
LQDAALGWGRRCPQCPRCPSCPSCPRCPRCPRCKCNPK,0,0
LRVRLASHLRKLRKRLLRDADDLQKRLAVY,0,1
LSCKRGTCHFGRCPSHLIKGSCSGG,0,2
LTCEIDRSLCLLHCRLKGYLRAYCSQQKVCRCVQ,0,3
MDSNKDERAYAQWVIIILHNVGSSPFKIANLGLSWGKLYADGNKDKEV,0,4
MHDFWVLWVLLEYIYNSACSVLSATSSVSSRVLNRSLQVKVVKITN,0,5
MINRTDCNENSYLEIHNNEGRDTLCFANAGTMPVAIYGVNWVESGNNVVTLQFQRNLSDPRLETITLQKWGSWNPGHIHEILSIRIY,0,6
MKTFSVAVAVAIVLAFICTQESSALPVTGVEELVELVSSDDPVADHQELPVELGERLFNIRKKRASPKCTPYCYPTRDGVFCGVRCDF,0,7
MKTFSVAVAVAVVLAFICTQESSALPVTGIEELVEPVSSDNNDNHQGLPVELRERLVNIRKKRAPTDCIPYCYPTGDGFHCGVTCRF,0,8
MLAKIKAMIKKFPNPYTLAAKLTTYEINWYKQQYGRYPWERPVA,0,9
MNFNKLFVFVALVLAVCIGQSEAGWLKKIGKKIERVGQHTRDATIQTIGVAQ,0,0
MRILYLLFSVLFLVLQVSPGLSLPQRDMFLCRIGSCHFGRCPIHLVRVGSCFGFRSCCKSPWDV,0,1
PDEDAINDALNKVCSTGRRQRSICKQLLKK,0,2
SKRNTWTPSGSNTKWMVEWSGQNLDSGALGTITVDVLRKGN,0,3
SKYGGECSVEHNTCTYLKGGKDHIVSCPSAANLRCKTERHHCEYDEHHKTVDCQTPV,0,4
SLQGGAPNFPQPSQQNGGWQVSPDLGRDDKGNTRGQIEIQNKGKDHDFNAGWGKVIRGPNKAKPTWHVGGTYRR,0,5
SLQPGAPNVNNKDQPWQVSPHISRDDSGNTRTDINVQRHGENNDFEAGWSKVVRGPNKAKPTWHIGGTHRW,0,6
TYMPVEEGEYIVNISYADQPKKNSPFTAKKQPGPKVDLSGVKAYGPG,0,7
VLLFLFQAAPGSADAPFADTAACRSQGNFCRAGACPPTFAASGSCHGGLLNCCAK,0,8
VNYGNGVSCSKTKCSVNWGQAFQERYTAGINSFVSGVASGAGSIGRRP,0,9
VQETQKLAKTVGANLEETNKKLAPQIKSAYDDFVKQAQEVQKKLHEAASKQ,0,0
VSCTCRRFSCGFGERASGSCTVNGVRHTLCCRR,0,1
VTCDILSVEAKGVKLNDAACAAHCLFRGRSGGYCNGKRVCVCR,0,2
VTCDLLSFEAKGFAANHSLCAAHCLAIGRRGGSCERGVCICRR,0,3
VTCYCRRTRCGFRERLSGACGYRGRIYRLCCR,0,4
VTSWSLCTPGCTSPGGGSNCSFCC,0,5
WNPFKELERAGQRVRDAIISAGPAVATVAQATALAK,0,6
YPSDYNGKTVGPDEKIQINSCGRENASSGTEGSFDIVDPNDGNKTIRHFYWECPWG,0,7
YRQSMNNFQGLRSFGCRFGTCTVQKLAHQIYQFTDKDKDNVAPRSKISPQGY,0,8
YVPLPNVPQPGRRPFPTFPGQGPFNPKIKWPQGY,0,9
